{
  "single_hop": {
    "accuracy": 0,
    "precision": 0,
    "recall": 0,
    "f1": 0,
    "runtime": 0,
    "sample_count": 0,
    "error_count": 0
  },
  "multi_hop": {
    "accuracy": 0.498,
    "precision": 0.4994879672299027,
    "recall": 0.49940576776661527,
    "f1": 0.4808020883753449,
    "runtime": 0.032523393630981445,
    "sample_count": 500,
    "error_count": 0
  },
  "complete": {
    "accuracy": 0.498,
    "precision": 0.4994879672299027,
    "recall": 0.49940576776661527,
    "f1": 0.4808020883753449,
    "runtime": 0.032523393630981445,
    "sample_count": 500,
    "error_count": 0
  },
  "hop_distribution": {
    "3": 500
  },
  "average_confidence": 0.5487377711688886,
  "total_runtime": 0.032523393630981445,
  "average_runtime_per_sample": 6.50467872619629e-05
}